<ExpedientsMonth>
  <MonthModel>
    <Year>2020</Year>
    <Month>1</Month>
    <Blocked>0</Blocked>
    <Total>0</Total>
    <Sended>0</Sended>
    <Error>0</Error>
    <SendOk>0.00</SendOk>
    <SendKo>0.00</SendKo>
    <NewExpedient>50</NewExpedient>
    <CloseExpedient>1</CloseExpedient>
  </MonthModel>
  <MonthModel>
    <Year>2020</Year>
    <Month>2</Month>
    <Blocked>0</Blocked>
    <Total>0</Total>
    <Sended>0</Sended>
    <Error>0</Error>
    <SendOk>0.00</SendOk>
    <SendKo>0.00</SendKo>
    <NewExpedient>85</NewExpedient>
    <CloseExpedient>2</CloseExpedient>
  </MonthModel>
  <MonthModel>
    <Year>2020</Year>
    <Month>3</Month>
    <Blocked>0</Blocked>
    <Total>0</Total>
    <Sended>0</Sended>
    <Error>0</Error>
    <SendOk>0.00</SendOk>
    <SendKo>0.00</SendKo>
    <NewExpedient>62</NewExpedient>
    <CloseExpedient>0</CloseExpedient>
  </MonthModel>
  <MonthModel>
    <Year>2020</Year>
    <Month>4</Month>
    <Blocked>0</Blocked>
    <Total>0</Total>
    <Sended>0</Sended>
    <Error>0</Error>
    <SendOk>0.00</SendOk>
    <SendKo>0.00</SendKo>
    <NewExpedient>40</NewExpedient>
    <CloseExpedient>0</CloseExpedient>
  </MonthModel>
  <MonthModel>
    <Year>2020</Year>
    <Month>5</Month>
    <Blocked>0</Blocked>
    <Total>0</Total>
    <Sended>0</Sended>
    <Error>0</Error>
    <SendOk>0.00</SendOk>
    <SendKo>0.00</SendKo>
    <NewExpedient>106</NewExpedient>
    <CloseExpedient>0</CloseExpedient>
  </MonthModel>
  <MonthModel>
    <Year>2020</Year>
    <Month>6</Month>
    <Blocked>0</Blocked>
    <Total>1109</Total>
    <Sended>1075</Sended>
    <Error>34</Error>
    <SendOk>96.93</SendOk>
    <SendKo>3.07</SendKo>
    <NewExpedient>299</NewExpedient>
    <CloseExpedient>34</CloseExpedient>
  </MonthModel>
  <MonthModel>
    <Year>2020</Year>
    <Month>7</Month>
    <Blocked>0</Blocked>
    <Total>4195</Total>
    <Sended>4059</Sended>
    <Error>136</Error>
    <SendOk>96.76</SendOk>
    <SendKo>3.24</SendKo>
    <NewExpedient>609</NewExpedient>
    <CloseExpedient>159</CloseExpedient>
  </MonthModel>
  <MonthModel>
    <Year>2020</Year>
    <Month>8</Month>
    <Blocked>0</Blocked>
    <Total>49666</Total>
    <Sended>49202</Sended>
    <Error>464</Error>
    <SendOk>99.07</SendOk>
    <SendKo>0.93</SendKo>
    <NewExpedient>5361</NewExpedient>
    <CloseExpedient>2517</CloseExpedient>
  </MonthModel>
  <MonthModel>
    <Year>2020</Year>
    <Month>9</Month>
    <Blocked>0</Blocked>
    <Total>86425</Total>
    <Sended>85210</Sended>
    <Error>1215</Error>
    <SendOk>98.59</SendOk>
    <SendKo>1.41</SendKo>
    <NewExpedient>6560</NewExpedient>
    <CloseExpedient>4994</CloseExpedient>
  </MonthModel>
  <MonthModel>
    <Year>2020</Year>
    <Month>10</Month>
    <Blocked>0</Blocked>
    <Total>109780</Total>
    <Sended>108910</Sended>
    <Error>870</Error>
    <SendOk>99.21</SendOk>
    <SendKo>0.79</SendKo>
    <NewExpedient>7027</NewExpedient>
    <CloseExpedient>7483</CloseExpedient>
  </MonthModel>
  <MonthModel>
    <Year>2020</Year>
    <Month>11</Month>
    <Blocked>320</Blocked>
    <Total>107795</Total>
    <Sended>107437</Sended>
    <Error>358</Error>
    <SendOk>99.67</SendOk>
    <SendKo>0.33</SendKo>
    <NewExpedient>7123</NewExpedient>
    <CloseExpedient>7461</CloseExpedient>
  </MonthModel>
  <MonthModel>
    <Year>2020</Year>
    <Month>12</Month>
    <Blocked>314</Blocked>
    <Total>69428</Total>
    <Sended>69241</Sended>
    <Error>187</Error>
    <SendOk>99.73</SendOk>
    <SendKo>0.27</SendKo>
    <NewExpedient>4683</NewExpedient>
    <CloseExpedient>4902</CloseExpedient>
  </MonthModel>
  <MonthModel>
    <Year>2021</Year>
    <Month>1</Month>
    <Total>0</Total>
    <SendOk>0.00</SendOk>
    <SendKo>0.00</SendKo>
  </MonthModel>
  <MonthModel>
    <Year>2021</Year>
    <Month>2</Month>
    <Total>0</Total>
    <SendOk>0.00</SendOk>
    <SendKo>0.00</SendKo>
  </MonthModel>
  <MonthModel>
    <Year>2021</Year>
    <Month>3</Month>
    <Total>0</Total>
    <SendOk>0.00</SendOk>
    <SendKo>0.00</SendKo>
  </MonthModel>
  <MonthModel>
    <Year>2021</Year>
    <Month>4</Month>
    <Total>0</Total>
    <SendOk>0.00</SendOk>
    <SendKo>0.00</SendKo>
  </MonthModel>
  <MonthModel>
    <Year>2021</Year>
    <Month>5</Month>
    <Total>0</Total>
    <SendOk>0.00</SendOk>
    <SendKo>0.00</SendKo>
  </MonthModel>
  <MonthModel>
    <Year>2021</Year>
    <Month>6</Month>
    <Total>0</Total>
    <SendOk>0.00</SendOk>
    <SendKo>0.00</SendKo>
  </MonthModel>
  <MonthModel>
    <Year>2021</Year>
    <Month>7</Month>
    <Total>0</Total>
    <SendOk>0.00</SendOk>
    <SendKo>0.00</SendKo>
  </MonthModel>
  <MonthModel>
    <Year>2021</Year>
    <Month>8</Month>
    <Total>0</Total>
    <SendOk>0.00</SendOk>
    <SendKo>0.00</SendKo>
  </MonthModel>
  <MonthModel>
    <Year>2021</Year>
    <Month>9</Month>
    <Total>0</Total>
    <SendOk>0.00</SendOk>
    <SendKo>0.00</SendKo>
  </MonthModel>
  <MonthModel>
    <Year>2021</Year>
    <Month>10</Month>
    <Total>0</Total>
    <SendOk>0.00</SendOk>
    <SendKo>0.00</SendKo>
  </MonthModel>
  <MonthModel>
    <Year>2021</Year>
    <Month>11</Month>
    <Total>0</Total>
    <SendOk>0.00</SendOk>
    <SendKo>0.00</SendKo>
  </MonthModel>
  <MonthModel>
    <Year>2021</Year>
    <Month>12</Month>
    <Total>0</Total>
    <SendOk>0.00</SendOk>
    <SendKo>0.00</SendKo>
  </MonthModel>
</ExpedientsMonth>